,dc_0,ell_1e,ell_1as,omega_1e,omega_1as,omega_1bs,mu_cap,ell_ca1p,omega_ca1p,omega_ca2p,phi_0,tau_0
prc_0.05,-1.480529411620581,1.0589198400860285,0.3009378709041938,0.05276788200112891,0.07961063392638211,0.7036360992836376,-4.841874850047445,0.17992052108117032,0.048885018782704716,0.006838650821204607,0.6751514331812334,0.7872816505184896
prc_0.25,-1.331258488121828,2.530098851711621,0.3032221315714693,0.5462614602179391,0.6135484870802939,1.0676795773135157,-1.787250130744972,1.6438211833726908,0.24976729578629248,0.1821368968143146,10.312951658241412,0.97154325019167
prc_0.50,0.12878847582468028,6.716535622283286,1.6187861061872213,3.247350997352608,1.8476961432398942,1.193042523451422,-0.03285438812291894,3.2882283624542286,0.3075842865119467,0.2599685251003374,13.650494918854134,1.1517821986716623
prc_0.75,1.3138942970812895,411.2141746985148,2.2813082564213345,7.2874642651227415,4.999213281237511,4.27238909552124,-0.00784768249904005,3.683251431374954,0.8002997517693794,2.581951294135566,37.89023335093393,1.2568484712051957
prc_0.95,2.4852060310115505,2184.1561066101194,11.253609892983514,8.637527239377416,6.862523621842792,7.174794950593915,-0.0025581754168197838,130.29580378631096,1.1978861009699113,4.198701921726057,96.10836295573449,5.3388053104491595
mean,0.15585663546702744,588.3929916352178,3.8659495058237754,4.272669002116538,2.4637982091263892,2.7347204579127897,-1.327514549662302,33.690640450765315,0.46616825730092426,1.3674022901494638,28.950844494819627,1.507068142417928
